test@gmail.com,2025-10-17T09:42:15.393Z
hello@greenductors.com,2025-10-17T09:42:15.394Z
airductcleaningnyny.com@gmail.com,2025-10-17T09:42:15.394Z
coolcleaninfo@gmail.com,2025-10-17T09:42:15.394Z
royalairductservices@gmail.com,2025-10-17T09:42:15.394Z
info@americanairductny.com,2025-10-17T09:42:15.394Z
team@breathebetterventcleaning.com,2025-10-17T09:42:15.394Z
info@coraductcleaning.com,2025-10-17T09:42:15.394Z
airductkings.office@gmail.com,2025-10-17T09:42:21.437Z
office@hdcourduct.com,2025-10-17T09:42:21.437Z
info@nationalfedders.com,2025-10-17T09:42:21.437Z
contact@airductcleaningrochester.com,2025-10-17T09:42:21.437Z
hello@mainduct.com,2025-10-17T09:42:21.437Z
cleanairpropertysolutions@gmail.com,2025-10-17T09:42:21.437Z
info@ductdusters.com,2025-10-17T09:42:21.437Z
contact@airductcleaningsyracuse.com,2025-10-17T09:42:28.569Z
chrisjones625@theluckyduct.com,2025-10-17T09:42:28.569Z
office@americancleanair.com,2025-10-17T09:42:28.569Z
green.line@mail.com,2025-10-17T09:42:28.569Z
contact@airductcleaningalbany.com,2025-10-17T09:42:35.512Z
njventcleaning@gmail.com,2025-10-17T09:42:35.512Z
requests@aircareservices.com,2025-10-17T09:42:35.512Z
info@qacllc.com,2025-10-17T09:42:35.512Z
info@dapperductsny.com,2025-10-17T09:42:35.512Z
americaairductcleaning@gmail.com,2025-10-17T09:42:35.512Z
info@ductcleaneffects.com,2025-10-17T09:42:35.512Z
matt@dustycleansducts.com,2025-10-17T09:42:35.512Z
merlindcleaning@gmail.com,2025-10-17T09:42:42.521Z
info@jerrysairductcleaning.com,2025-10-17T09:42:42.521Z
memphisairduct@gmail.com,2025-10-17T09:42:42.521Z
contact@allcityductcleaning.com,2025-10-17T09:42:42.521Z
contact@ductcleaningstatenisland.com,2025-10-17T09:42:42.521Z
contact@airductcleaningyonkers.com,2025-10-17T09:42:42.521Z
jgreen@totallycleanservices.com,2025-10-17T09:42:42.521Z
info@neptuneac.com,2025-10-17T09:42:42.521Z
info@airductva.com,2025-10-17T09:42:49.412Z
officeone@youremail.com,2025-10-17T09:42:49.412Z
contact@airductcleaningjerseycity.com,2025-10-17T09:42:49.412Z
service@ventguys.com,2025-10-17T09:42:49.412Z
newenglandductcleaning13@yahoo.com,2025-10-17T09:42:49.412Z
commercialairduct@gmail.com,2025-10-17T09:42:55.804Z
support@heroairductcleaning.com,2025-10-17T09:42:55.804Z
primecleanair@gmail.com,2025-10-17T09:42:55.804Z
info@ericanhvac.com,2025-10-17T09:42:55.804Z
info@rockawayductclean.com,2025-10-17T09:42:55.804Z
cs@air-care.com,2025-10-17T09:42:55.804Z
contact@purifyairmaster.com,2025-10-17T09:42:55.804Z
safeairductchimney@gmail.com,2025-10-17T09:42:55.804Z
info@nextgenairduct.com,2025-10-17T09:43:03.991Z
info@weatherupdownhvac.com,2025-10-17T09:43:03.991Z
info@alphasairductcleaning.com,2025-10-17T09:43:03.991Z
info@gmbhvacinc.com,2025-10-17T09:43:03.991Z
info@ideahvac.com,2025-10-17T09:43:03.991Z
info@newyorkptacsales.com,2025-10-17T09:43:10.396Z
info@airconditioningservicenewyorkcity.com,2025-10-17T09:43:10.396Z
info@aircrewnyc.com,2025-10-17T09:43:10.396Z
info@hitechptacspecialist.com,2025-10-17T09:43:10.396Z
info@hitechptac.com,2025-10-17T09:43:10.396Z
jerry@vortexairductcleaningtn.com,2025-10-17T09:43:10.396Z
jerrycm1@bellsouth.net,2025-10-17T09:43:10.396Z
info@tophvaccompanyinnyc.com,2025-10-17T09:43:16.648Z
info@indihvac.com,2025-10-17T09:43:16.648Z
psrodgers66@gmail.com,2025-10-17T09:43:23.362Z
info@ptacservice.com,2025-10-17T09:43:23.362Z
info@hightechcentralair.com,2025-10-17T09:43:23.362Z
info@newyorkptacsupply.com,2025-10-17T09:43:23.362Z
services@hitechcentralair.com,2025-10-17T09:43:23.362Z
info@tophvaccompanyinnewyork.com,2025-10-17T09:43:23.362Z
info@coolairnyc.com,2025-10-17T09:43:23.362Z
info@airconditionerlongislandcity.com,2025-10-17T09:43:30.662Z
info@bluestarairconditioningnyc.com,2025-10-17T09:43:30.662Z
info@gethealthyhome.com,2025-10-17T09:43:30.662Z
hello@ventmantic.com,2025-10-17T09:43:30.662Z
info@jcarehvac.com,2025-10-17T09:43:30.662Z
info@zoneairconditioning.com,2025-10-17T09:43:37.024Z
info@ohboyao.com,2025-10-17T09:43:37.024Z
info@jdptacexperts.com,2025-10-17T09:43:37.024Z
info@airconditioningnewyork.com,2025-10-17T09:43:37.024Z
info@hitechacrepair.com,2025-10-17T09:43:37.024Z
admin@airductcleaninginpa.com,2025-10-17T09:43:37.024Z
info@coolairny.com,2025-10-17T09:43:44.693Z
4seasonsaircare@gmail.com,2025-10-17T09:43:44.693Z
illinoistnr@gmail.com,2025-10-17T09:43:44.693Z
info@airadeducts.com,2025-10-17T09:43:44.693Z
office@homeluxservices.com,2025-10-17T09:43:44.693Z
dirtyducksdfw@gmail.com,2025-10-17T09:43:51.293Z
info@brightairductcleaning.com,2025-10-17T09:43:51.294Z
homeairduct@gmail.com,2025-10-17T09:43:51.294Z
info@newyorkhvacchoice.com,2025-10-17T09:43:58.847Z
skasper50@cox.net,2025-10-17T09:43:58.847Z
nycdryerventcleaning@gmail.com,2025-10-17T09:43:58.847Z
spiritairduct@gmail.com,2025-10-17T09:43:58.847Z
matt@dryerventzusa.com,2025-10-17T09:43:58.847Z
