email,query,timestamp
airductcleaningnyny.com@gmail.com,2025-10-17T10:07:48.564Z
test@gmail.com,2025-10-17T10:07:48.566Z
hello@greenductors.com,2025-10-17T10:07:48.566Z
royalairductservices@gmail.com,2025-10-17T10:07:48.566Z
info@americanairductny.com,2025-10-17T10:07:48.566Z
coolcleaninfo@gmail.com,2025-10-17T10:07:48.566Z
team@breathebetterventcleaning.com,2025-10-17T10:07:48.566Z
office@hdcourduct.com,2025-10-17T10:07:56.662Z
info@coraductcleaning.com,2025-10-17T10:07:56.662Z
contact@airductcleaningrochester.com,2025-10-17T10:07:56.662Z
hello@mainduct.com,2025-10-17T10:07:56.662Z
info@ductdusters.com,2025-10-17T10:07:56.662Z
airductkings.office@gmail.com,2025-10-17T10:07:56.662Z
contact@airductcleaningsyracuse.com,2025-10-17T10:07:56.662Z
chrisjones625@theluckyduct.com,2025-10-17T10:07:56.662Z
info@nationalfedders.com,2025-10-17T10:07:56.662Z
cleanairpropertysolutions@gmail.com,2025-10-17T10:08:06.632Z
contact@airductcleaningalbany.com,2025-10-17T10:08:06.632Z
info@qacllc.com,2025-10-17T10:08:06.632Z
info@dapperductsny.com,2025-10-17T10:08:06.632Z
matt@dustycleansducts.com,2025-10-17T10:08:06.632Z
green.line@mail.com,2025-10-17T10:08:06.632Z
njventcleaning@gmail.com,2025-10-17T10:08:16.020Z
office@americancleanair.com,2025-10-17T10:08:16.020Z
info@jerrysairductcleaning.com,2025-10-17T10:08:16.020Z
contact@airductcleaningyonkers.com,2025-10-17T10:08:16.020Z
requests@aircareservices.com,2025-10-17T10:08:16.020Z
info@ductcleaneffects.com,2025-10-17T10:08:16.020Z
contact@ductcleaningstatenisland.com,2025-10-17T10:08:16.020Z
contact@allcityductcleaning.com,2025-10-17T10:08:24.444Z
americaairductcleaning@gmail.com,2025-10-17T10:08:24.444Z
officeone@youremail.com,2025-10-17T10:08:24.444Z
info@airductva.com,2025-10-17T10:08:24.444Z
epicairny@gmail.com,2025-10-17T10:08:24.444Z
jgreen@totallycleanservices.com,2025-10-17T10:08:24.444Z
service@ventguys.com,2025-10-17T10:08:31.562Z
newenglandductcleaning13@yahoo.com,2025-10-17T10:08:31.562Z
contact@airductcleaningjerseycity.com,2025-10-17T10:08:31.562Z
info@gethealthyhome.com,2025-10-17T10:08:38.776Z
commercialairduct@gmail.com,2025-10-17T10:08:38.776Z
idaho@thepatchboys.com,2025-10-17T10:08:38.776Z
support@heroairductcleaning.com,2025-10-17T10:08:38.777Z
cookcountynorth@thepatchboys.com,2025-10-17T10:08:38.777Z
primecleanair@gmail.com,2025-10-17T10:08:38.777Z
info@rockawayductclean.com,2025-10-17T10:08:38.777Z
info@ericanhvac.com,2025-10-17T10:08:38.777Z
cs@air-care.com,2025-10-17T10:08:45.620Z
hello@chudcompany.com,2025-10-17T10:08:45.620Z
info@alphasairductcleaning.com,2025-10-17T10:08:45.620Z
info@coit.com,2025-10-17T10:08:45.620Z
westsidecarpetcleaningmn@gmail.com,2025-10-17T10:08:45.620Z
lauriek@indoorairpro.com,2025-10-17T10:08:45.620Z
safeairductchimney@gmail.com,2025-10-17T10:08:52.694Z
info@jcarehvac.com,2025-10-17T10:08:52.695Z
preetpalchouhan1995@gmail.com,2025-10-17T10:08:52.695Z
info@groovelifeairconditioning.com,2025-10-17T10:08:52.695Z
info@ideahvac.com,2025-10-17T10:08:52.695Z
info@newyorkptacsales.com,2025-10-17T10:09:01.665Z
info@airconditioningservicenewyorkcity.com,2025-10-17T10:09:01.665Z
info@hitechptacspecialist.com,2025-10-17T10:09:01.665Z
info@hitechptac.com,2025-10-17T10:09:01.665Z
jerry@vortexairductcleaningtn.com,2025-10-17T10:09:01.665Z
jerrycm1@bellsouth.net,2025-10-17T10:09:01.665Z
info@devhvac.com,2025-10-17T10:09:01.665Z
info@aircrewnyc.com,2025-10-17T10:09:10.811Z
info@topratedlocalhvac.com,2025-10-17T10:09:10.811Z
info@hitechheatingcooling.com,2025-10-17T10:09:10.811Z
phil.lamphear@ductdoctor.com,2025-10-17T10:09:10.811Z
info@airconditionerlongislandcity.com,2025-10-17T10:09:10.811Z
hello@ventmantic.com,2025-10-17T10:09:10.811Z
psrodgers66@gmail.com,2025-10-17T10:09:10.811Z
info@hightechcentralair.com,2025-10-17T10:09:19.852Z
info@newyorkptacsupply.com,2025-10-17T10:09:19.852Z
info@bluestarairconditioningnyc.com,2025-10-17T10:09:29.958Z
info@shibairconditioning.com,2025-10-17T10:09:29.958Z
info@zoneairconditioning.com,2025-10-17T10:09:29.958Z
info@coolairnyc.com,2025-10-17T10:09:29.958Z
info@airconditioninginny.com,2025-10-17T10:09:29.958Z
info@airconditioningnewyork.com,2025-10-17T10:09:29.958Z
info@aireptacservice.com,2025-10-17T10:09:29.958Z
